firmenname,domain
Kreateam Stricker Daniel,kreateam.ch
Radaelli Pittura,radaelli-pittura.ch
FROMAGERIE D'ETIEZ,fromagerie-etiez.ch
CIMABETON SAGL,cimabeton.ch
Chemello AG,sanitaer-heizung-chemello.ch
Garage Treina et fils Sàrl,garagetreina.ch
Cartomante Angela sensitiva Tarocchi,cartomanteangela.ch
Coiffeur Mery,coiffeur-mery.ch
Bernard Schenk SA,schenksa.ch
Brot & So GmbH,brotundso.ch
Restaurant Siedi,restaurant-schwarzenburg.ch
Cabinet vétérinaire des Pontets,vetpontets.ch
Big Fitness,big24.ch
Multone Construction SA,multone-construction.ch
BusinessTreuhand AG,businesstreuhand.ch
"Gmür, Ofenbau & Platten GmbH",gmuer-ofenbau.ch
FLOID Agencement et Plomberie Sàrl,floidsa.ch
ELCOTHERM AG,elco.ch
Colfina Finanz/Treuhand AG,colfina.ch
Fertas,fertas.ch
Orthopädie Rosenberg,orh.ch
ibW Höhere Fachschule Südostschweiz,ibw.ch
Wiget Landtechnik GmbH,wigetlandtechnik.ch
Schmid,schmid-sanitaer.ch
Colombi Elia SA,elia-colombi.ch
"Visinoni & Metzger, Rechtsanwälte",vm-law.ch
Hächler,beathaechler.ch
Ghelma AG Baubetriebe,ghelma.ch
Sigrist Rafz Holz + Bau AG,sigrist-rafz.ch
X-Protect AG,x-protect.ch
Chen Häfliger,tuina-gong.ch
LEUTERT ZAHNÄRZTE,leutert-zahnaerzte.ch
Raschle Holzbau AG,raschle-holzbau.ch
Keller M. Holzbau AG,holzbau-keller.ch
bom! communication AG,bombasel.ch
Agenzia Immobiliare Ceresio SA,immobiliareceresio.ch
Wenger Modellbau,wenger-modellbau.ch
Bien à toi ! Sàrl,bienatoi.ch
Glasmalerei Bern,glasmalereibern.ch
Périsset Jacques SA,scierie-perisset.ch
Meyer,daniela-massage.ch
QMT SUISSE SA,qmt-group.com
Marguerat,lmarguerat.ch
VINI SACRIPANTI,vinisacripanti.ch
Arud Zentrum für Suchtmedizin,arud.ch
Fromagerie Moléson SA,moleson-sa.ch
Alpha RHEINTAL Bank AG,alpharheintalbank.ch
Liberty Freizügigkeitsstiftung,liberty.ch
Spycher,praxis-seidenberg.ch
"Pflegewohnung Sorriso, alloggio assistito per anziani",sawia.ch
Kälin Immobilien-Treuhand AG,immo-kaelin.ch
dieci Pizza Kurier Aarau,pizzakurier.ch
Nuovo AG,nuovo.ch
Art of Beauty Padrutt,beauty-padrutt.ch
Eisenhof Zürcher GmbH,eisenhof-nesslau.ch
Bichler + Partner AG,bichler.ch
Elektro H. Hauri AG,elektro-hauri.ch
Klixa AG,klixa.ch
CREDIT SUISSE SA,credit-suisse.com
"wohnbox, Yvo Girardet",wohnbox.com
Garage W. Zemp GmbH,garagewzemp.ch
Cardoso,dentalys.ch
Burkhardt,drburkhardt.ch
n-a.ch netzwerk architektur ag,n-a.ch
Zugertor,zugertor.ch
Elektro Frei Rheintal AG,elektro-frei.ch
Augentreff Schneider AG,augentreff.ch
TLT Thomas Lincke Treuhand AG,tlt.ch
Maler-Bruggmann GmbH,maler-bruggmann.ch
ABEX Garten & Haus,abexgmbh.ch
professionelle Laufbahnberatung. Coaching.,profession-elle.ch
"InterHyve Sàrl - IT Management & IT Cloud Services (EN, FR)",interhyve.com
